Alvarez,Romeo,97
Atherton,Donell,65
Bharadwaj,Sai,100
Boone,Tonya,89
Brooks,Gabriela,60
Brown,Theodor,77
Cassidy,Johnathon,75
Chester,Marlon,93
Cooper,Nikodem,87
Dalton,Alison,73
English,Julie,86
Fellows,Derry,42
Fernandez,Darcey,67
Galvan,Tiah,66
Gillespie,Shanna,70
Hassan,Tobey,60
Holman,Tayyib,38
Hutton,Della,58
Jimenez,Lochlan,63
Keith,Jameson,77
Kemp,Justine,55
Lancaster,Erin,95
Little,Iestyn,70
Michael,Lucia,53
Morton,Chase,65
Prashanth,Chintala,100
Prashanth,Chintala,80
Prashnath,Chintala,80
Rowe,Will,83
Sloan,Adrian,84
Snow,Faiza,71
Tang,Ezra,92
Ware,Arnold,80
